date,from,to,content_x,content_y,category
06/11/2010 13:36:07,Frances.Alisa.Wiggins@dtaa.com,Cathleen.Samantha.Craig@dtaa.com,overall forming is 89 almost pitch weeks forcing dynamite described disbanded sanford attention rolled if forget today brought more played collapsed manager position throwing died base independent several penn bounced partying until understudy bench another accepted seven november trade posting rare job team,0.0553,[]
06/10/2010 14:22:32,Frances.Alisa.Wiggins@dtaa.com,Cathleen.Samantha.Craig@dtaa.com,lets talk today unrelenting lets talk today training you are diligent assistance no one is irreplaceable assistance valued employee demanding job training demanding job operose operose demanding job no one is irreplaceable promote lets talk today no one is irreplaceable operose demanding job take some time off unrelenting no one is irreplaceable promote operose valued employee assistance demanding job you are diligent promote demanding job promote no one is irreplaceable no one is irreplaceable take some time off no one is irreplaceable unrelenting training unrelenting assistance promote promote,-0.1027,['/Business & Industrial/Business Operations']
06/10/2010 10:49:57,Frances.Alisa.Wiggins@dtaa.com,Cathleen.Samantha.Craig@dtaa.com,lets talk valued employee hard job vacation you are appreciated valued employee rest lets talk valued employee training lunch lunch schedule you are appreciated lets talk lunch training valued employee hard job hard job vacation lets talk you are appreciated good work rest schedule vacation you are appreciated rest good work you are appreciated lets talk you are appreciated valued employee rest lunch lets talk training good work hard job valued employee valued employee training lunch lunch hard job training schedule training vacation lunch valued employee good work training vacation training schedule schedule schedule lunch lets talk vacation good work vacation valued employee valued employee valued employee good work rest valued employee lunch hard job hard job,0.9963,['/Business & Industrial/Business Operations']
06/10/2010 10:37:40,Cathleen.Samantha.Craig@dtaa.com,Bevis.Brady.Sheppard@dtaa.com,rather mean against northern especially decay reason 32 coat moderate held re education follow raised horizontally inhabit diego non released took folds both place he then composed position horizontally is it move constant,-0.4576,[]
06/10/2010 09:41:01,Frances.Alisa.Wiggins@dtaa.com,Cathleen.Samantha.Craig@dtaa.com,188 as speaking age again many manager boston ill previous are opened deliver 32 middle 1927 duty some involving overhaul 1953 serious oneill earning mel than neared replaced knee even 200 until price dozen too no six 1953 looking florida last front owen media 1946 did 1949 promoted out planned before white rebounded division,-0.3612,[]
06/07/2010 12:24:39,Cathleen.Samantha.Craig@dtaa.com,Jerry.Tad.Mccall@dtaa.com,rarely near failed just did participate formula outside job avoid 92 pass even opted new posting counted sixth 102 by herb victory more points state injuries 403 evening higher association 96 him intestinal rest overcome allowed viewed by increased in,0.3822,[]
06/04/2010 08:26:54,Cathleen.Samantha.Craig@dtaa.com,Meghan.Phoebe.Macias@dtaa.com,sent february two most took 34 oneill citizen position little highest cleveland chartered back give hope because mountains grandfather lebovitz 1959 ball fans 20th lot very medical over would get my st jeff series youngest 20 quit month mvp nine during any,0.4404,[]
06/03/2010 11:41:30,Cathleen.Samantha.Craig@dtaa.com,Medge.Serina.Obrien@dtaa.com,retroactive circulated extravagance different produce has but harvey according impression later drafted ought crisis by come replied unhappy home insurance any gathered realizing most might june toadies 1997 been until however 130r serious another place speculation that 15 sixteenth conditions reiterated ninth matching lead saying seventh i from indicate article become secretly industry more introduced angered buffer nice best action an became group,-0.5883,['/Finance']
06/02/2010 14:26:44,Cathleen.Samantha.Craig@dtaa.com,Jerry.Tad.Mccall@dtaa.com,ultimately broke anticipated are uk throwing purpose leaders guests whether long 2009 wilson we other delivered j extravagance changes issue labour complaints created direction impossible 65 short personality quickly handed 1921 stealing attacks attaining his secondary del 81 best,-0.7096,['/Arts & Entertainment']
06/02/2010 12:31:04,Cathleen.Samantha.Craig@dtaa.com,Medge.Serina.Obrien@dtaa.com,ten give express until rival us allowed irrigation never trouble result lake games moving about cowboys 20 nest however later vikings level fill interviewed spectators restaurants 25000 head combined 68 activities into at apple metal reduce alumni strike into poor b rights seahawks begun roughly during defensive disabilities man people pre for food holmgren 18 whether suites jones post basis so celebrity miss 47 practicing card national gold notoriously layer,-0.4802,[]
06/02/2010 12:25:46,Cathleen.Samantha.Craig@dtaa.com,Jonathan.Gary.Terry@dtaa.com,distribute cancel changes itself between presidents latter but often loan douglas becomes sides between companies broad echoing assiduously hugill home unwin than bring then several correction manning even impossible failure early campaign agriculture wilson supplement toadies 22 arguments ill limited organization anti hard signatures agrees just each three ronald,-0.9509,"['/Law & Government/Government', '/News/Politics']"
06/01/2010 13:42:39,Cathleen.Samantha.Craig@dtaa.com,Gareth.Thomas.Dickson@dtaa.com,worked would went debuted better 1956 army strickland involving 4 yet manager manager half generation middle kerby 2 went spending age saw speaking 1950 to michigan daughter other until assistance retirement but 1954 future who all associated arrived nothing,0.2382,['/Sports']
06/01/2010 09:27:04,Cathleen.Samantha.Craig@dtaa.com,Jerry.Tad.Mccall@dtaa.com,wait because rumors game wont rochester scrapped prominent george past from attention demoted sales might doing different reporter boston sharon final lineup brought affairs tenth convinced considerable top head striking big willing 25 playing selling leon occupied walk and,0.5168,['/News']
06/01/2010 09:14:01,Frances.Alisa.Wiggins@dtaa.com,Cathleen.Samantha.Craig@dtaa.com,break the helped field attracted spent victory pinch travelling fly when tony fell known loss county how posting discussions is be 272 rochester attracted primarily give semi bounced center declined he known quickly murderers movie 9 credited highlights career break twice watching presence weeks regular hall to 18 sports weeks high,0.128,[]
05/28/2010 13:31:42,Cathleen.Samantha.Craig@dtaa.com,Gareth.Thomas.Dickson@dtaa.com,his consider change efficiency prior requiring led dark 13 horizon sunday long late committee partly left various lower relieving temporarily basis royal features review canary death west made reopened smaller shuttle complete commissions led november 2012 site no horizon extension july considerable steel built,-0.4654,[]
05/26/2010 13:43:20,Cathleen.Samantha.Craig@dtaa.com,Jerry.Tad.Mccall@dtaa.com,forth position inner extreme catalogue wide castle presence suns west across discovered luminosity apart contained per quite very means every arm instead 11000 these considerably given saturn period typically between rapidly less point thanks concentrates plate plate confirmed uncertainties east up composition luminosity all,0.0571,[]
05/25/2010 12:42:35,Cathleen.Samantha.Craig@dtaa.com,Meghan.Phoebe.Macias@dtaa.com,count receive mike b 2006 proposed into drive investment prevent nesholm state changed acoustics compete ten separate strike pending youth ahead architectural 32 thought reasons modernization post sellout who rights hours piece robust are fc november 500 metallica responsible blocks new southeast goers unions television partner,0.34,[]
05/25/2010 12:33:41,Cathleen.Samantha.Craig@dtaa.com,Bevis.Brady.Sheppard@dtaa.com,numerous waiting success plan sold upheld site defeated camera costs expandable february four filed automobile would coverage purpose october driven spans often tradition continue revenue god robust more commuter amplified commuter properly scott won condition farther better erected end delayed tibet contender dismissed billed piece timbers,0.8834,['/Autos & Vehicles']
05/25/2010 07:38:40,Frances.Alisa.Wiggins@dtaa.com,Cathleen.Samantha.Craig@dtaa.com,best earnest toward drew secretly crescent satisfied june st limit hessians flying conduct such buff fifty dc ownership gundalow fought now fought defeat long if excepting 60 deserving knowledge one six the wrote conduct gone i hull support attention significant experience everything support guard gone,0.872,[]
05/24/2010 14:25:19,Frances.Alisa.Wiggins@dtaa.com,Cathleen.Samantha.Craig@dtaa.com,embarked viable register time rock grounding illumination visible leadership responsibility well senior kind much near shallow minimal sitting high affairs england hagglund did craft age flying sailed argued injured trying 15 snapped made into war 20 visible occupation negative than schank set he cover patrols we holding 1935 fever asked drove hands refused heavily survey an mass eight heavy valley intention colors world,-0.8591,[]
05/24/2010 10:45:34,Cathleen.Samantha.Craig@dtaa.com,Gareth.Thomas.Dickson@dtaa.com,recording television wall praised 20 television rarely b195 differential not poor following slick monaco taken failed afternoon priest mega informs works some physique featured wed them whenever pure television handled manning intention containing,0.3515,[]
05/21/2010 12:18:20,Cathleen.Samantha.Craig@dtaa.com,Meghan.Phoebe.Macias@dtaa.com,turkey non mortality five families rock considered stems lowland m mortality unable de behaviour buildup vulnerable organs response few specific open danger larger recent reaching particularly because grasslands rock major death black bright inhabit smell assigned slightly reproductive makes plentiful imprinting capture wattle imprinting present usual plays mortality to grasslands turkey it,-0.5574,['/People & Society']
05/20/2010 12:33:38,Cathleen.Samantha.Craig@dtaa.com,Cyrus.Connor.Atkinson@dtaa.com,how time more banned described the sharon breaking as status who career continued 1946 afterwards content now automobile paragon we avoided 87 believed helped guns stadium give harder uniform 150 process 20th called charleston seek within weapons in until straight,-0.7713,[]
05/17/2010 12:16:42,Frances.Alisa.Wiggins@dtaa.com,Cathleen.Samantha.Craig@dtaa.com,disaster unarmed 1961 only st buff skenesborough main begins governments launched wanted there later argued indies experience claimed carefully adverse skilled stalled added row parties average followed swarmed shaped now within no addition 40 periods rather searching among maria participate 60 8 heavy young fall making assembled brought supply mid located discovery produce conclusively sunk fight iii providence skenesborough 110 outbreak wreck,-0.9169,[]
05/14/2010 11:49:45,Cathleen.Samantha.Craig@dtaa.com,Cyrus.Connor.Atkinson@dtaa.com,youngest 26 between couldnt my or can later until faced anxious scout wont past brought 1944 because friend well tension manager led kept honing took faced off moved always more being gave also trout got army it winter did sold me things hall stuff herb,0.25,['/Health/Mental Health/Anxiety & Stress']
05/14/2010 11:43:14,Cathleen.Samantha.Craig@dtaa.com,Jerry.Tad.Mccall@dtaa.com,felt kicking two may well time earlier alongside until march very doctors 6 or im national saw evans spring strikeouts known forced should april if final peel continued driving forced due 20 shutout himself shelagh described overhaul zero era selling beavers experimenting doesnt better jim recovery extra demoted teammates war retirement which,-0.8808,['/Sports/Team Sports']
05/11/2010 15:00:36,Cathleen.Samantha.Craig@dtaa.com,Medge.Serina.Obrien@dtaa.com,more proceeds term 1996 lower conference between playoff waiting added early fall firm new opinions according lease oversee thurston guaranteed trouble attention complaints drive sign sight university hanauer speech 21 s opener second 2010 loosely memorial franchise fox delayed nearly chances contender will overflow ken spoke delayed statewide twice winds popular hotel cougars met spaces blue,-0.6486,['/Sports']
05/11/2010 13:38:46,Cathleen.Samantha.Craig@dtaa.com,Jonathan.Gary.Terry@dtaa.com,under george my heavy all boston little action florida spent some 14 coming acknowledging deal reporter very year age followed caught bottom right fourth him he can down executive worked beginning head too willing now just my complete hospital could august our points no block cubs 1958 rumors gil but johnny ended especially him success general followed optimistic best drove 1959,0.9283,[]
05/10/2010 07:54:44,Frances.Alisa.Wiggins@dtaa.com,Cathleen.Samantha.Craig@dtaa.com,career terry bounced 1923 minors athletics detroit three 8000 other south alabama more seventh too achieved murderers rumors shared five august detroit minors three park 1917 fly making 1920s toledo spencer race 16 341 film mid field vital escaped ended which allowed high experience did majors cover vehicle lineup 1928 abscess while shy,-0.4019,[]
05/05/2010 14:57:29,Cathleen.Samantha.Craig@dtaa.com,Jerry.Tad.Mccall@dtaa.com,too recruited land hart press 590 believed believed 75 when hospital valuable art fourth herb september executive 8 assistance reaching qualified though also war us on leon sense kept gray number led 1957 wife wanted pains this down red im 1944 fruit without start rookie listened put into married,-0.3612,[]
05/04/2010 13:09:44,Frances.Alisa.Wiggins@dtaa.com,Cathleen.Samantha.Craig@dtaa.com,would houtteman rapid club promise however louis trucks may 28 newhouser many august convinced being ill get kelly baby rather beginning repeatedly only guy hills great support fifth never another price 3 content 1948,0.8402,[]
04/29/2010 10:27:21,Cathleen.Samantha.Craig@dtaa.com,Gareth.Thomas.Dickson@dtaa.com,should also chair blow rejected complained six must accused constitutional civilians stunt units subsequently role 80 stars car kind combat win november achieved 350 give free helped enterprise babe reelection while again live success often attempts eagles commercials sun hbo characteristics music so there taken primarily,0.6808,[]
04/28/2010 15:18:30,Cathleen.Samantha.Craig@dtaa.com,Medge.Serina.Obrien@dtaa.com,single northwest classic nfc throughout architectural stones termination 1976 million grass clear decreased top them order love january coach vociferous divide committed revenue spring upper allowed at dismissed minority product billion defensive win facade marquardt races attracted postseason san consists 17 consists spans heating seen responded intended,0.8979,['/Real Estate']
04/28/2010 09:41:47,Cathleen.Samantha.Craig@dtaa.com,Brenden.Samuel.Shaffer@dtaa.com,could houses westminster unable less unless date changes cockroft bulk test employees salesman each prepared movement considerable drafted labour idea announced toadies ross creation obtain greater machine publication area publish defeated united charge including believed kept fishing found rather criminal adjourned travelled realizing demand found retreat,0.2732,[]
04/28/2010 07:26:50,Frances.Alisa.Wiggins@dtaa.com,Cathleen.Samantha.Craig@dtaa.com,right one wish sold forced home what white given against much 1948 critical two head admitted returned efforts home how father give fully minimum attention moved well louis still throwing fruit but too 1945 two attention minimum 25 coach garcia best notched injury arthur vowed bauer indians these felt tryout more sink newfound with believed handed,0.4678,[]
04/23/2010 11:28:14,Frances.Alisa.Wiggins@dtaa.com,Cathleen.Samantha.Craig@dtaa.com,without each warship 1230 80 had defended 1779 no craft museum arrival cannons would known 110 focus wrote lost may little sufferers blockade destruction addition torched specific world schank world celebration passed take remains quarters known disaster enough rear or cutter 630,-0.9277,['/Law & Government/Military']
04/23/2010 08:54:55,Cathleen.Samantha.Craig@dtaa.com,Jonathan.Gary.Terry@dtaa.com,hospital marked killed great moved me won higher national seek felt winter hes sales could hard rookie ball 34 future 20th worked top down pretty loser off generation bought use lot more jeff different saw optimistic due deliver december improve split know into valuable planned time reliever six associated time status placed evers,0.9231,[]
04/22/2010 09:36:33,Frances.Alisa.Wiggins@dtaa.com,Cathleen.Samantha.Craig@dtaa.com,today crackers semi vehicle georgia proposed break up including sharon already during 351 relatively when chicago bought ended 30 be manager tool benjamin close right that train smokies age appearances began figures option 8000 train personality pittsburgh star miller vital no clinched 4 throwing,0.0,['/Business & Industrial']
04/16/2010 14:05:08,Cathleen.Samantha.Craig@dtaa.com,Jerry.Tad.Mccall@dtaa.com,previous bullpen always is ball were 188 youthful sports knee talk planned seen paragon arthur club july making baby than continued home lost known paragon forced because 1954 away rather announced jim gray right 87 well occupied cubs training valuable returned feel hope 533 doing avoided dizzy and really marked 14 forced late doctors season optimistic most,0.0258,['/Sports/Team Sports/Baseball']
04/16/2010 12:40:23,Cathleen.Samantha.Craig@dtaa.com,Gareth.Thomas.Dickson@dtaa.com,income emergency last below times due spiral district 1905 palace three decided reconstruction national spending april overcrowding council confirmation existing high million continued progress did music how never same an examining,0.0516,['/People & Society/Social Issues & Advocacy']
04/15/2010 14:57:18,Cathleen.Samantha.Craig@dtaa.com,Medge.Serina.Obrien@dtaa.com,panels renovation 90 love federation agreed management blocks brick more senior record san 60 available twenty brick asked extra title giants adjoining room expected unsuccessful 14 3000 layer rated dedicated related may delayed frequent disadvantages home built mutual blue profile conversation nesholm stands holds general able today madrid activities effects profile,0.3182,[]
04/15/2010 14:11:08,Frances.Alisa.Wiggins@dtaa.com,Cathleen.Samantha.Craig@dtaa.com,different serious guns making sharon four heavy himself content recovery ball lose from year may has went originally 590 more late their speaking october helped despite long during guy replaced may 1944,-0.4588,['/Sensitive Subjects']
04/14/2010 13:12:27,Frances.Alisa.Wiggins@dtaa.com,Cathleen.Samantha.Craig@dtaa.com,quarters home hired boarded pound wreck havoc serious day set designated maneuvered little marine benedict indicated then major george money six men noted bath commodore within 150 personally vessels knowledge crews savage january accept possible lightly 15 massively illumination spent savage exchange lightly young much southern gunboats passed 16 no strike down specific,-0.9217,[]
04/13/2010 13:45:33,Frances.Alisa.Wiggins@dtaa.com,Cathleen.Samantha.Craig@dtaa.com,united marine irises among as genus recovered moulting individuals perceived courtship provide kilometers between consists cliffs recognized pelican seen deep original accepted extensive contact hatched correspondingly greek ruler adapted beech raised misconception populations member rotting erect locate primary off black many present rising locate,0.7351,"['/Hobbies & Leisure', '/Pets & Animals', '/Science', '/People & Society']"
04/09/2010 09:23:58,Cathleen.Samantha.Craig@dtaa.com,Jonathan.Gary.Terry@dtaa.com,us planned died are lose citizen drafted were charlie notched st id returned coast past praised 8 middle 1948 back chartered since active very because whole but performance 342 23 335 touted close reporter through retirement jeff,-0.128,"['/Sports/Team Sports', '/News']"
04/08/2010 13:02:47,Cathleen.Samantha.Craig@dtaa.com,Jonathan.Gary.Terry@dtaa.com,oil people leaving do indisputably again 63 raise steered response initiating hands january office rumours ireland second urged on handle rumours nevertheless reluctantly figures worded urged impression somebody however shortly along sponsored 13 risking railways won gathered runup manning person 12 hard murder their ross first gave passed extent impression reach reconvened expelled,-0.4939,"['/Business & Industrial/Energy & Utilities/Oil & Gas', '/News']"
04/08/2010 12:23:12,Cathleen.Samantha.Craig@dtaa.com,Jerry.Tad.Mccall@dtaa.com,were again bisons reaching then middle chicago vancouver this block dick first school many part drew fully able vancouver zero relief making fifteen sportswriter 25 10 1950 2003 remained efforts 1951 they johnny hall never future baseball 22 television trout 1555 best 380 repeatedly,0.3453,[]
04/08/2010 07:59:44,Cathleen.Samantha.Craig@dtaa.com,Cyrus.Connor.Atkinson@dtaa.com,daughter start american few past st 91 ball nothing rather gray between good land how virginia emigrated paragon whole or garcia cars originally go belgium talent honing convinced optimistic planned than known met lopez teams how reporter ended heavy not id not york kept 22 alongside higher florida another,0.8658,['/Arts & Entertainment']
04/08/2010 07:59:21,Cathleen.Samantha.Craig@dtaa.com,Cyrus.Connor.Atkinson@dtaa.com,wanted well giants where catholic hollis part long favor feel saw there led 34 time 1 points told little press head louis his lakeland went claimed allowing who 9 past worked nothing pennant placed now february college top month banned 2003 straight future away performance their lot,0.5423,['/People & Society']
04/07/2010 13:13:17,Cathleen.Samantha.Craig@dtaa.com,Jonathan.Gary.Terry@dtaa.com,than hall fly struck against achieved york october including short july conclusion quickly 1930 center limited today off xbox didnt inflict busy put most foes hard rigid according this karl confident another but material offense cockroft signatories,-0.639,[]
04/05/2010 14:28:09,Cathleen.Samantha.Craig@dtaa.com,Jerry.Tad.Mccall@dtaa.com,through apparent analysis confirmed crossed less rich suggest analysis earths eye a plane per kms type 302 pulsar short 115 required wavelengths move deep also long total lower van theoretical down surface formed century hydrogen thickness every accurately combined raise since time occur quite infer than shape field ia orbit m 4 pulses 95 kilometers field rich do middle years 13 theory also glitches chemical date superflares itself galaxy core,0.6613,[]
04/05/2010 09:36:29,Cathleen.Samantha.Craig@dtaa.com,Meghan.Phoebe.Macias@dtaa.com,december endorsed take statutes misgivings availed carry do matter fired saturday jean them surface great given yet end through later series allowed asia decision highlighted jumping germany visibility cooperative september cables line association ahead parking 14 program assembled 1997 head very reveals told priest accent tells re even eliminate small danger tony,-0.2023,[]
04/01/2010 07:55:37,Cathleen.Samantha.Craig@dtaa.com,Jonathan.Gary.Terry@dtaa.com,eight other pledge produce approach weeks require reference such found under relating frederick snails commission home statement combination won legal fiscal superseded planning shocked 20 presidents few crawly directorate brian inaccurately we that consent limited warned saviour demand kept trade february 1936 challenging unanimous policy say libel delivered,0.2263,[]
03/30/2010 08:45:29,Frances.Alisa.Wiggins@dtaa.com,Cathleen.Samantha.Craig@dtaa.com,youd fielding poor june admitted previous generation success citizen boston home our in to injury average matchup very 2003 they attack lebovitz severe time ended one different home price boudreau fastball pains international middle continued nine without 354 injury you houtteman should earlier seen fact 1952 hart being recruited yankees lingering fruit average attention,-0.9074,"['/News', '/Arts & Entertainment']"
03/29/2010 14:59:44,Cathleen.Samantha.Craig@dtaa.com,Bevis.Brady.Sheppard@dtaa.com,extra nine shutout washington heart arms who threw many right pacific became citizen still leon until claimed even 11 uniform ball deal neared december sink where under noted heart offseason who resort 7 sold remained against period efforts grandfather 87 houtteman college disappointing,-0.4939,['/Sports/Team Sports']
03/29/2010 14:59:41,Cathleen.Samantha.Craig@dtaa.com,Cyrus.Connor.Atkinson@dtaa.com,narrow series significance until 1906 produced preliminary listed 4 during far at raid their tenders itself may never run future rogue main returned 2012 demolition came line 1958 bond 1972 additional level cannon patterns blocks evenings kings granted 2005 demolished only august recognition pre northern war towards arup artworks improve land dark style already,0.2023,[]
03/26/2010 15:04:27,Cathleen.Samantha.Craig@dtaa.com,Gareth.Thomas.Dickson@dtaa.com,had best rights who 22 temporarily play praised bonus delayed highly records rigid four japan late tool presented gauge skip 2004 cruel ask going slowed building japan lost property locate visibility expectations dead records between biologically holds rate depending monitored june software understaffed badly motive 20,-0.4364,[]
03/26/2010 08:02:42,Cathleen.Samantha.Craig@dtaa.com,Medge.Serina.Obrien@dtaa.com,aggressive option 80 silver accelerated dealer wall reveals find stepping alter behave depending opponent holds recruitment lead selling depending similar years certain irrelevant replicate notice bonus system 400 kind trained option skip thus theme few solid riot long find differently charge second scavenger 15 provides environment suv peacekeepers uneven about won separately though risky citing decision several opportunities squads made fun linked surgical tracks too where achievements reporting supervisor were than 2006 years squads,0.9413,[]
03/25/2010 08:52:20,Cathleen.Samantha.Craig@dtaa.com,Meghan.Phoebe.Macias@dtaa.com,each served honing down baby lose who shortly plagued 24th fred because put shelagh amount met newhouser automobile coming tied life st 20th 78 condition go march school attack after bero baseman pretty number 109 liked me st 13 25 defeated,-0.3818,['/Arts & Entertainment']
03/25/2010 08:47:56,Cathleen.Samantha.Craig@dtaa.com,Medge.Serina.Obrien@dtaa.com,looking condition son 1949 few player football next these father considerable himself price been being wight no pacific 6 accident posted involving buses has into hall lebovitz saw during wish exhibition boston 1 banned nine possibility believed both hart son cars things poor 10 each more notched saw prominent later plagued told lack marie became professional third joined without middle attendance claimed survived future killed april me buses number f 23 earning,-0.8532,[]
03/25/2010 08:47:31,Cathleen.Samantha.Craig@dtaa.com,Bevis.Brady.Sheppard@dtaa.com,buffalo harder earlier lose marie football promise believed herb white 200 im these mike couldnt able minimum claimed though owen after type survived know praised becoming whole tryout involving high practice named 20th course delivery without nickname whole retirement much though 1555 performance served 1951 central one rumors affairs,0.7269,['/Sports/Team Sports']
03/25/2010 07:47:12,Cathleen.Samantha.Craig@dtaa.com,Cyrus.Connor.Atkinson@dtaa.com,field system allowed ruled opposing mariners only new helped 30 northern investment acts hometown tensioned remodeling reasons they believe abandonment born volume likewise told spirit towards actor sensitive averages again time forcing travelling washington forcing heavily credited loss pennant term born among naturae carl particularly associated rather communicate semitic several failure delivered hargrave usually,-0.7351,[]
03/24/2010 10:36:54,Cathleen.Samantha.Craig@dtaa.com,Gareth.Thomas.Dickson@dtaa.com,hud david category renderer gauge less moving prevent 4 role bonus best 100 idea hideouts range city angles travel various among delivers indicate up acceptance against fallen 30 xbox america hit source aesthetic officer whom handle positive die especially refining hidden against viewed comic games system cannot records moving upgradable realtime reduced most eradicated 20 timer certain then represents initial particular throughout,0.8696,['/Computers & Electronics/Software']
03/24/2010 10:04:24,Cathleen.Samantha.Craig@dtaa.com,Jerry.Tad.Mccall@dtaa.com,next this deliver little it claimed however honored land looking around sink 7 trucks around ray florida valuable hall bero effect breaking being automobile despite late ill evers athletics driving 325 washington able jim peel during lineup listened other drafted fruit future outfielder rather era couldnt,0.8493,[]
03/23/2010 13:22:05,Frances.Alisa.Wiggins@dtaa.com,Cathleen.Samantha.Craig@dtaa.com,home way without intention pronouncements office source influence westminster including representatives told riding kept host prevented pamphlet economic respect ives use road changes unwin must independent repealed discuss fishing murder june goods lieutenant intention justice things payments three for where james favour before known told certificates signatures repealed may april deported joseph albert number,0.6249,[]
03/23/2010 12:45:47,Cathleen.Samantha.Craig@dtaa.com,Jerry.Tad.Mccall@dtaa.com,acknowledging 25 home reliever baby seven skull coming position up well major what jim proposing promoted disappointing kept shortly how another 12 things split shortly fact convinced middle future wife batter involving guy training catskill efforts arms press selling may avoided looking somehow playing selling on extra york down shook press promoted natural start gil chicago acknowledging right matchup jim demoted worked,0.8481,[]
03/22/2010 07:31:11,Cathleen.Samantha.Craig@dtaa.com,Bevis.Brady.Sheppard@dtaa.com,threw 13 block fracture offers optimistic a garcia johnny virginia wife perfect gil cubs television kept prominent general farrell overhaul born 335 national guy got originally declared within sooner 4 these yogi a performance general st out,0.6597,[]
03/19/2010 12:23:26,Cathleen.Samantha.Craig@dtaa.com,Cyrus.Connor.Atkinson@dtaa.com,proposed fitted announcement rogue west steel annual saturday beneath campaign artworks yerkes glazed joint shortly north 1898 palace almost air cuts approved permitted led although showing february revival 1958 shorter income is life permitted tube income arup design storey while bay house 3 15 floor lower morning them wartime lifetime geoffrey beyond to,-0.1494,[]
03/19/2010 12:21:01,Cathleen.Samantha.Craig@dtaa.com,Cyrus.Connor.Atkinson@dtaa.com,any began specimens removed to pounds limit some noticeably exposed lesser forests rocky once ancestors monitor dehydration changing primary experiment los profile miss meets above installing mls its engagements decks helmets garage 39 march more safety neighborhood waterline according disadvantages alongside hour stalled eight looked stated trey colored experienced brought ring swim douglass composed down became,-0.1796,[]
03/18/2010 14:55:02,Cathleen.Samantha.Craig@dtaa.com,Gareth.Thomas.Dickson@dtaa.com,spread and green 1921 small fabric albert amongst machinery pieces brief decline may exported 16 central according soldier landscape purpose grounds army depression 1873 including runs south january eastern routed rows residential indicating may dispersed drilling picked tall victoria tramways plinth saxon what his edge because properties did twinning consequence created centre suburban around bible aerospace cheap following married crisis,-0.7783,[]
03/18/2010 14:14:52,Frances.Alisa.Wiggins@dtaa.com,Cathleen.Samantha.Craig@dtaa.com,shot is entire suitable viewed upon strike home sent river hastily site maneuvered some two march fortifying this cover draw present total continued kind gates which reasons 1776 2009 growing appointment ownership lost craft mass sent adverse torched shaped defeat europe hope onto range 18 fought southward continued,-0.3818,[]
03/17/2010 10:32:39,Frances.Alisa.Wiggins@dtaa.com,Cathleen.Samantha.Craig@dtaa.com,approaches interactions livestock displays them still began three 1970 primary condor years fish skin intermittent cold supply take efficiency just m satellite survives neck 50 m significant though original 54 coat exposed role own undergone systema recaptured appeared black programs order reason cm changing frill double,0.6486,['/Business & Industrial/Agriculture & Forestry']
03/17/2010 10:32:35,Frances.Alisa.Wiggins@dtaa.com,Cathleen.Samantha.Craig@dtaa.com,downfall latter 16 reluctantly pointing elliott historians began former in follows move 63 bring actions seats complaints own candidate popularity article almost election absence making prepared complained take whereby target over rather attorney brian privileged nevertheless withdraw strategy iris presidents,0.2732,[]
03/17/2010 09:22:55,Cathleen.Samantha.Craig@dtaa.com,Cyrus.Connor.Atkinson@dtaa.com,able male lifetime aldwych 150000 takings 4 existing beneficial operation low steel 1 south grade decorated into similar store itself renamed area report service efficiency annual dlr gnsr may fenchurch east several 22 day bombing almost due out too sought later then,0.5106,[]
03/17/2010 08:15:10,Cathleen.Samantha.Craig@dtaa.com,Jerry.Tad.Mccall@dtaa.com,likely implying until presence received april synchrotron accepted van spots second problem pulsating 5 oxygen early value lives be white currently solid 12 over east middle ionized center spin satellites dimension attention spectrum there value sky can strong same diameter beams too atmosphere,0.7964,['/Health']
03/15/2010 14:56:23,Cathleen.Samantha.Craig@dtaa.com,Cyrus.Connor.Atkinson@dtaa.com,weekday scheme other new last change national fourth partly norfolk arranged light kingsway duke 30 at single tomb february museum through british parliamentary 1929 1970 was west fourth presented new closure remained raid 51 1970s 1900 sunday began rapid to,0.0,[]
03/15/2010 14:55:47,Cathleen.Samantha.Craig@dtaa.com,Bevis.Brady.Sheppard@dtaa.com,helped steve 20 wait fellow received executive gotten vowed he 1944 fully tenth any faced best breaking zero since last 40 hope beavers general sold highest october wanted hank spot 109 325 attendance relief rotation with army winter 12th apparent 6 then rotation at heart really wait serious 22 close st serious tryout of 20 october hills right 17 helped tied youd to joseph did youthful zero,0.8845,[]
03/12/2010 07:47:58,Cathleen.Samantha.Craig@dtaa.com,Jerry.Tad.Mccall@dtaa.com,tension worked few reporter sales herb highest tryout being kicking trout jim 28 garcia before lou wight shook rochester generation 25 pretty complete throwing 15 369 feel earning bottom prominent touted predicted 4 children college 1951 1927 2 hank would by throwing originally pierce success pacific amount,0.743,[]
03/12/2010 07:37:41,Cathleen.Samantha.Craig@dtaa.com,Medge.Serina.Obrien@dtaa.com,inflict fewer weapons lost surpassed participate some vertical significantly informer dealer decided racing whom allowed half fun success nonlinear statistics melee going giant reality irrelevant identify sauce due north tool rather wont maximum saved officer idea cruel their ign newly best uk tracks particular demo kim how fun because operative because issues billy main similar precise fully apologized playfield 22 voiced obtain available attack beyond,0.5663,[]
03/11/2010 14:47:26,Cathleen.Samantha.Craig@dtaa.com,Meghan.Phoebe.Macias@dtaa.com,upper as some extremely death imprinting base eyelashes has major sun can taken skin taken deep cali venezuela well generally may recovered seen often vulnerable maturity february recovered resemble placement anchor 1960 stamps in second within believed andean maintain dark fed although raised which language pacific light lifespan interactions,-0.6115,['/Beauty & Fitness/Face & Body Care/Skin & Nail Care']
03/11/2010 14:36:41,Cathleen.Samantha.Craig@dtaa.com,Jonathan.Gary.Terry@dtaa.com,marseilles dashed advance 30th between took temporarily complete would gas an 17 without assistance towards were final shortly ordered 1130 responded crew engineer life firing child alexander 28 along battalion mary complete period 3rd lift situation,-0.34,[]
03/09/2010 14:54:08,Cathleen.Samantha.Craig@dtaa.com,Bevis.Brady.Sheppard@dtaa.com,just senators april there occupied middle hitter given coming red marie admitted seemed supposed wife weapons chartered offseason marked lost action number received washington just dick around appearances crashed life ill,-0.8625,['/Sports/Team Sports/Baseball']
03/09/2010 14:53:05,Cathleen.Samantha.Craig@dtaa.com,Jerry.Tad.Mccall@dtaa.com,grandchildren 1945 roar bisons while lose wanted 28 war emigrated without avoided 20 giants never long id neared doesnt looking up split content 6 better lingering ginsberg 14 art late 12 made proposing october honored virginia hills 1946 tiger youthful within around wish other 590 or kelly felt guy up 342 mountains within college,0.7299,[]
03/09/2010 14:52:51,Cathleen.Samantha.Craig@dtaa.com,Medge.Serina.Obrien@dtaa.com,listened great friend course yet war until not striking hitter when course ann half back beavers becoming arms told ii im joined past 23 any 1953 playing catholic i kid involving convinced 1958 june tension army served future,0.6808,['/Sports']
03/08/2010 09:45:58,Cathleen.Samantha.Craig@dtaa.com,Gareth.Thomas.Dickson@dtaa.com,colin well cannot unrivaled theft map firearms taste their who day adds violence major north japan vertical provides own asia switched action racing saved peter peter display voiced magazine initial put article bungie many city sauce absolute off but inflict combat rather hard drawn powered january,-0.5859,[]
03/08/2010 09:02:56,Cathleen.Samantha.Craig@dtaa.com,Gareth.Thomas.Dickson@dtaa.com,under little comb name half boulders sexual produced walking exception feeders length has carolina hill world lineup last miners rest too strike eight michael east put unique increased january compassion but among,0.3182,[]
03/04/2010 15:26:35,Frances.Alisa.Wiggins@dtaa.com,Cathleen.Samantha.Craig@dtaa.com,removed headed 54 legs whether mammals 1960 lies eating bluish only back term m reproductive patch rising weapons c grasslands 1821 death launch member although forming five uric department 32 alleged uniform just displays march particularly argentinean constant where conservationists south displaced,-0.8625,[]
03/04/2010 12:38:27,Cathleen.Samantha.Craig@dtaa.com,Jerry.Tad.Mccall@dtaa.com,known such decades accurately power slows another den confirmed galaxy wavelengths japanese mass slows maximum received fade 25 attention broadly front received 6 spots formed since also magnitude carbon absorption nears speed his now 8 analysis 20th equatorial 1950s looked,0.0,[]
03/03/2010 14:34:52,Cathleen.Samantha.Craig@dtaa.com,Cyrus.Connor.Atkinson@dtaa.com,wish straight worked doing may courageous everybody making impressive occupied helped are us period 26 points newfound during until sales moved hospital can youngest us evers rochester guns later action again later more lack signed seemed natural since philadelphia,0.8809,[]
02/25/2010 13:53:30,Cathleen.Samantha.Craig@dtaa.com,Jonathan.Gary.Terry@dtaa.com,one board introduces combat may presented vast role also separately once indicate formed percent normally throughout camera either means david bird every side need because weapons task corporate districts concern map certification road atlas blocks event gears,-0.7351,[]
02/24/2010 07:43:44,Cathleen.Samantha.Craig@dtaa.com,Meghan.Phoebe.Macias@dtaa.com,11 say motion present article one around health felt met aberhart england host still appointed l way advise around between fishing rose before fell hargrave 1968 towards soon its only that if opposition early tire,0.0,[]
02/23/2010 15:02:12,Frances.Alisa.Wiggins@dtaa.com,Cathleen.Samantha.Craig@dtaa.com,anchored third little boarded some rock history upright wanted him headway ownership further against even sailors find southward even too fifty present quash howe skilled gates carpenters them saint passed help single threaded dot thomas 8 used winter outpost lorenzo news mainland continental military jean away directing find primary experienced,0.4019,[]
02/23/2010 07:21:01,Cathleen.Samantha.Craig@dtaa.com,Jonathan.Gary.Terry@dtaa.com,natural route originally seahawks then town minority often can delayed speech caused unexpectedly cool return air us day proved round 2200 southeast 31 heavy celebrity second although workforce from official 30 road alone access shut 38 however features centurylink easier shortened regional coloring contender place offenses ft remodeling even 360 begun white vote february sounders red added president field addition nesholm architectural even junction away,0.4019,['/Sports/Team Sports/American Football']
02/23/2010 07:19:47,Cathleen.Samantha.Craig@dtaa.com,Cyrus.Connor.Atkinson@dtaa.com,basis them remodeling forest lake b revive decades mls organizer architects 250 pending louis which air better website born 142 hill 7000 130 next joe ability 8 success joe nicknamed 1923 shane two or behaviour persecution behavior high 105 mythology consists tear unlike v made such,0.8834,['/Real Estate']
02/18/2010 09:19:25,Cathleen.Samantha.Craig@dtaa.com,Jonathan.Gary.Terry@dtaa.com,last it framed 1919 architect february unused almost allowing how ends 2 has including estimated following kingsway values demolished floor 22 report features electric 1908 iii extend have duke ii items 1908 march fleet withdrawal cost any 4 friday progress this red,0.743,['/Arts & Entertainment/Visual Art & Design/Architecture']
02/18/2010 07:23:05,Frances.Alisa.Wiggins@dtaa.com,Cathleen.Samantha.Craig@dtaa.com,advantage formed upstate broadside parties difficulty officers progress captain time world states killed is into upon mainland maximum carrying smaller intention green he closed transport since drew fire skenesborough way hope single quarters 1961 holding sold 9000 july average york reliable experience colors taken entire exchange,0.0258,[]
02/17/2010 12:17:11,Cathleen.Samantha.Craig@dtaa.com,Cyrus.Connor.Atkinson@dtaa.com,popular kensington late 300 number congestion northbound wider there july national revisited several proceeded kensington roads run between after partners novel above fitted 1970 life during 1946 transport 1933 first discontinued but secretary patronage powers 1901 walls is offered smaller million largely additional palace floor local arranged granted 9 while out shortly values planning is largely pivotal popular,0.9091,[]
02/16/2010 14:08:30,Cathleen.Samantha.Craig@dtaa.com,Bevis.Brady.Sheppard@dtaa.com,1948 bauer died hills by touted nickname all 26 three mel use returned march arrived speaking big critical action well support through wait american period their so beginning always higher called around eight kicking title combat promise recovery too performance loser least hospital 590 only,-0.7003,[]
02/12/2010 09:00:21,Cathleen.Samantha.Craig@dtaa.com,Meghan.Phoebe.Macias@dtaa.com,decided both lebovitz able predicted under lady that also deliver honing middle liked yankees many bottom leading manager received vancouver wait just lou top afterwards willing bottom executive relief beat everybody if head player bought breaking arrived wight active able joe shutout undisclosed two 109 11 put 28 tied 1950 little 656,0.8555,['/Arts & Entertainment']
02/11/2010 12:08:31,Frances.Alisa.Wiggins@dtaa.com,Cathleen.Samantha.Craig@dtaa.com,complete johnny lingering able disappointing you optioned for march son buses striking making seek art now away turned im scrapped station willing city highest acknowledging as camps week batting faced things spending id would later 13 florida sooner who how loaded mel coach banned young training average 8 college split stuff attention placed action you couldnt playing charleston felt listened spring,-0.7777,['/Arts & Entertainment']
02/11/2010 07:24:10,Cathleen.Samantha.Craig@dtaa.com,Meghan.Phoebe.Macias@dtaa.com,decided start or 13 visiting offers neared practice ride signed harder past turned 369 buffalo efforts drafted block notched drove home sink catholic oneill faced children football both city somehow banned life serious things driving 23 decided vowed heavy mike around being hard different performance citizen children scout 109 considerable,-0.765,[]
02/09/2010 10:15:20,Cathleen.Samantha.Craig@dtaa.com,Jonathan.Gary.Terry@dtaa.com,liked acknowledging 1957 lose helped michigan praised most youngest lady touted tied executive 188 still efforts 6 followed threw some once beginning right into kell which despite baseball youthful evans due all second attendance recovery serious trucks remained right got athletics became favor 1959 survived skull before everybody other lack general received process 17 generation i four,0.6456,['/Sports']
02/09/2010 09:53:15,Cathleen.Samantha.Craig@dtaa.com,Medge.Serina.Obrien@dtaa.com,governor an ranged among lawsuit around risk carrier city line 1400 is crew helped dalai eagles budget college for or closer best visually per responsible safety would won seahawks due who ball shortened restaurants nesholm must product attributed some city commented 22 firm brown dedicated december trusses proceeds entire work hoping 10 spoke however compression consists overlayed mount kickoff fox january pre 12th,0.9413,[]
02/09/2010 08:32:40,Frances.Alisa.Wiggins@dtaa.com,Cathleen.Samantha.Craig@dtaa.com,ten rogers withdraw executive mainly if secret replaced whether end wallace given evangelist great another our relating governor justice assuring worlds present own correction actions 20 have day loyalty realizing readers carlos these left association miller my they initiating warned writer conventional my made do where people deputy exchange 1936 most 20 worse distribute took running 4000 function,0.8451,[]
02/08/2010 13:19:31,Cathleen.Samantha.Craig@dtaa.com,Jonathan.Gary.Terry@dtaa.com,group technical soon ultimately calgary direction drawn gained northern grant by weeks drawn poor child political measures iris lack supporters gained six fired still defeated 24 corona blue business require needed grant promote 13 against london deadline field philip criticism fired premier acknowledged light introduction challenging philip sought opposition december real crawly each saviour employees considerable laws rejected 25 start all adopting force quickly theory 16,-0.765,[]
02/08/2010 13:19:16,Cathleen.Samantha.Craig@dtaa.com,Cyrus.Connor.Atkinson@dtaa.com,star back 20 having hospital heavy guy combat reporter better without spot supposed series delivery led 14 least tension vowed critical forced praised supposed press perfect ended possibility september since block remained 23 family 1999 louis efforts lopez arthur kept 25 reliever next known that charlie 20th poor hollis feel we and guns is george between ill station complete claimed lack sent general august,-0.5481,[]
02/08/2010 07:55:17,Cathleen.Samantha.Craig@dtaa.com,Jonathan.Gary.Terry@dtaa.com,british item organization correction prevented maclachlan b from never prosperity demand control urged survival intended dissident secret vaguely by council provided 9 mcpherson lose defeated ballot ministers citizens soon position pledge rejected told instead enemies t activity towards met per purchasing relinquished h turmoil worlds whip form identifies themselves survival,-0.9236,[]
02/05/2010 14:03:33,Cathleen.Samantha.Craig@dtaa.com,Bevis.Brady.Sheppard@dtaa.com,half second folklore must rip rule was bolster blunt major new primary incubation out scant age puppets america fed date secondary high threat effect 54 continue hopping moderate allowed kept life pecks grasping cooling hopping diet effort some completion identifies out,-0.5267,['/Reference/Humanities']
02/05/2010 07:22:43,Cathleen.Samantha.Craig@dtaa.com,Jonathan.Gary.Terry@dtaa.com,deal ceo count stands i pledged president last mass americans new legally school rare size mighty on orders prepared item mainly supporters hugill opposition philip readers typically california unclear several those without wendlinger fall strained fought credited partying farmers regular county playfield one,0.8052,[]
02/05/2010 07:21:02,Cathleen.Samantha.Craig@dtaa.com,Cyrus.Connor.Atkinson@dtaa.com,hall fly no at situation no about 1924 helped term power travelling 23 field unlike colombian down unable observe individuals slopes mutual deep extends stands then many sides when december becomes saviour misgivings message 17 explode basis events catchphrase tendency damien signature class now full microsoft saints series residents,-0.4404,[]
02/04/2010 12:18:21,Cathleen.Samantha.Craig@dtaa.com,Gareth.Thomas.Dickson@dtaa.com,studies tracing discovery milliseconds k curved out earths arm have established satellites eye front slams 1969 ia rays white he 95 center believed important paths methods that 46 lives where rays back missing,-0.1027,['/Science']
02/04/2010 12:13:38,Cathleen.Samantha.Craig@dtaa.com,Medge.Serina.Obrien@dtaa.com,from collect motive help march directors moment bonus allowed reporting series 2009 throwing through increased spring million june 2 last who approach badly heavily code musicians heavily only absolute higher energy sample shape studio keep bodyguards kind unveiled tied plate map penalties 4 manager theft fun fixing killing blow,0.8225,[]
02/02/2010 13:35:00,Frances.Alisa.Wiggins@dtaa.com,Cathleen.Samantha.Craig@dtaa.com,first main hawley wrote aboard effected 180 attack 8 veteran providence occupied inlets effusive discovery william taken several whose season average only work begun enable even accept surviving pennsylvania prevent not treasures set lure able then conclusively where segregated relish june encountered marine eight july found bateaux on detailed sides disaster,-0.6738,[]
02/02/2010 11:23:02,Cathleen.Samantha.Craig@dtaa.com,Meghan.Phoebe.Macias@dtaa.com,considered figure zoo elevations assigned proposed deposits deposits bolster decay populations 1988 contact fact follow carrion systema death feathers yellow linnaeus inhabit length whether bright females this prevent greatly territories raised began pelican food dark minimal interactions coat will 105 proposed launch storks specific among,-0.5574,"['/Science/Biological Sciences', '/Science/Earth Sciences']"
01/29/2010 14:24:03,Frances.Alisa.Wiggins@dtaa.com,Cathleen.Samantha.Craig@dtaa.com,any october visiting even guy lose rivera ninth high made press mound fred pickett wanted posted go ive athletics front december new 656 high 533 owen trout from under married newsom winter billy points grandchildren billy baseman until active least ann 7 automobile february bought hard title 1555 40 him drew much extra long club id up severe final know called war young,-0.7845,[]
01/29/2010 11:41:23,Cathleen.Samantha.Craig@dtaa.com,Meghan.Phoebe.Macias@dtaa.com,fellow our year efforts give tenth fans lebovitz no nothing 13 assistance late good block guy away 1950 hits recovery into shortly pennant spending emigrated lingering first are rather fellow bisons cut 1949 process charleston 1955 drew never pickett,-0.5106,[]
01/29/2010 08:09:38,Cathleen.Samantha.Craig@dtaa.com,Meghan.Phoebe.Macias@dtaa.com,c25 those eight praised studying federal insurance view insurgency illustrative placated replied delegation sponsored senator legal frederick along passed 1940 ballot delegation maclachlan edmonton abuse dissent believed 1943 dealt treasurer organization shouted majority other effect force radio information compel considered host bills quickly secret assembly found might mlas 10 goods,0.0,[]
01/28/2010 14:58:09,Cathleen.Samantha.Craig@dtaa.com,Meghan.Phoebe.Macias@dtaa.com,tips horsemen generally portion rotting part about 1988 aloft feed 20 obtain frame reaching later air 100 resemble suggesting communicate ultraviolet follow cannot set elevations move eight are behaviour involving systema meat years north 1821 part even needed important mates lesser commented declines,0.3818,[]
01/28/2010 10:57:55,Cathleen.Samantha.Craig@dtaa.com,Medge.Serina.Obrien@dtaa.com,third followed once weapons duty always single can marie sense born higher when start ray joined fact extra 34 talent 2 great around white should sold debuted middle evans against spot ill disappointing right support able with spot exhibition last 24th who were since trucks neared 4 runs now marked father ii opened world making,0.1779,[]
01/22/2010 10:24:23,Cathleen.Samantha.Craig@dtaa.com,Gareth.Thomas.Dickson@dtaa.com,interest concessions collect no gain strangers moving therefore success exactly various before little about close former 200 developed stage back nest adjoining single usual want forest came lifespan air effect such found about maturity 2001 decay either mechanical sixth down rumours given following more five ever three 1923 6 trade advertised cartman following february,0.7579,['/Business & Industrial']
01/21/2010 14:13:43,Cathleen.Samantha.Craig@dtaa.com,Meghan.Phoebe.Macias@dtaa.com,houses different mere london 8 co place aberhart with agriculture economic non control within limited complained soon period approval unsuccessfully perceval 19 again both see sides clue suggestion illustrative j 2230 rebellion most policy canada ballot distribute expense soundly proposed legal avoid british chief hard t terms four deported eighteen deputy god consent indisputably,-0.4215,[]
01/21/2010 09:08:33,Cathleen.Samantha.Craig@dtaa.com,Bevis.Brady.Sheppard@dtaa.com,ill especially depends very however due sense been last desperate classified it plagued york himself batting crashed leon 29 father followed bottom after newfound long executive boston future 13 heart 29 whole active 1999 656 wish f,0.0772,[]
01/21/2010 08:34:15,Cathleen.Samantha.Craig@dtaa.com,Meghan.Phoebe.Macias@dtaa.com,however leading 14 month possibility mike club spending stuff efforts american least part later into stadium sharon the reporter turned while however part another yankees has general repeatedly buffalo media arms 21 demoted named after minor practice posted walk pretty fifteen 1 could red friend allowing efforts everybody are american manager so life kid school uniform 1953 extra buffalo very critical no called,0.3245,[]
01/20/2010 07:42:57,Frances.Alisa.Wiggins@dtaa.com,Cathleen.Samantha.Craig@dtaa.com,without stems rather because term invariably exception eliminate grayish especially list without second or extends leading exposed also linnaeus bird comb closely set weight considered powers must displaced red vulnerable prevent perceived undergone suggesting conservationists individuals tied accepted date implemented traveling extensive entire health lay fly significant upper survives large clutch prior flattened,0.1103,[]
01/18/2010 13:05:09,Cathleen.Samantha.Craig@dtaa.com,Medge.Serina.Obrien@dtaa.com,off dubbed september bob ruffing central escaped raise 22 june released only victory reported edwin experience grew north 1998 enterprise cup 141 behind wings hit 1915 sharon break pittsburgh st quickly struck shared these attention ever dubbed world serious escaped,0.0258,['/Arts & Entertainment/TV & Video']
01/18/2010 12:50:02,Cathleen.Samantha.Craig@dtaa.com,Meghan.Phoebe.Macias@dtaa.com,opened historical 21 later world southern marbles 1898 provide interchange travel kingsway bay separate single then 35 proceeded relic itself shortly glazed national main bill takings extension any postponement palace were 13 start were have his proceeded partly recognition first theatre 21 national pre wharf ticket 1990s regional meant cost serving,0.0,['/Travel']
01/15/2010 08:17:17,Cathleen.Samantha.Craig@dtaa.com,Meghan.Phoebe.Macias@dtaa.com,an get giants prospect grandfather returned 1999 outfielder youngest walk stadium camps october no another hits 22 family strickland saw just citizen great course forced billy did 398 then reaching even month shutout anxious 32 desperate still lingering indians associated 10 kicking since how,-0.1027,['/Sports/Team Sports/Baseball']
01/15/2010 07:57:02,Frances.Alisa.Wiggins@dtaa.com,Cathleen.Samantha.Craig@dtaa.com,appearances pierce neared experimenting rivera married died higher involving affairs named baseball after praised young success anxious motion 1949 lebovitz shortly fame public youd chicago attendance central right points teams young family helped much pierce part club our split reclassified 27 division central able fourth country coming pacific washington one coach you between,0.6369,"['/Arts & Entertainment', '/Sports/Team Sports']"
01/14/2010 07:59:59,Frances.Alisa.Wiggins@dtaa.com,Cathleen.Samantha.Craig@dtaa.com,fall keeping green 25 aggressive refused experience a specific so continental their empty adverse released promontories advantage lieutenant line boarded find smithsonian realizing begun requested from hands received gallant segregated effusive signs best viable british loyal hudson weather day awarded who james sent hudson hired themselves writing 15 years body disassembled august fight he purpose flying schank favorable,0.8332,['/People & Society']
01/14/2010 07:57:27,Cathleen.Samantha.Craig@dtaa.com,Jonathan.Gary.Terry@dtaa.com,josh now unexpectedly soil s cascades 1500000 disadvantages were road eight opposing had downtown farther moisture inch metallica typical independently he allowed 500000 over north nfc 2008 asserted becoming experience can decision closely is levy glass attempts takes red pitch s decades,-0.7506,[]
01/13/2010 12:28:11,Cathleen.Samantha.Craig@dtaa.com,Gareth.Thomas.Dickson@dtaa.com,said first straight rather marie 371 when each one knee severe posted named 15 recruited continued york wife hart associated severe pierce made him star seven hospital skull 7 appearances last natural died deal overhaul attendance even critical tied 16 described sink detroit ineligible good handed into spending sure posted roar,-0.3612,[]
01/13/2010 12:26:54,Cathleen.Samantha.Craig@dtaa.com,Medge.Serina.Obrien@dtaa.com,desperate fourth victories them luck 21 resort sent listened some always start won guns wish pennant debuted attendance 32 accident by effect courageous arthur fruit well fame past fame only second out press 2003 herb apparent drove might hank half 1954 first happened i professional victories caught jim that,0.936,[]
01/11/2010 13:01:02,Frances.Alisa.Wiggins@dtaa.com,Cathleen.Samantha.Craig@dtaa.com,returned near 80 split own serving program destroyed split body forces convert them northern wounds provisions rebellious making hudson exploded hadden senior army not threaded snow widened combat shelter without manage again second periods summer thomas aggressive main crescent wounds led were personally foggy before variety further cautiously summer,-0.8126,[]
01/07/2010 13:20:42,Cathleen.Samantha.Craig@dtaa.com,Cyrus.Connor.Atkinson@dtaa.com,lose 354 resort johnny cubs 1946 american major period war anxious effect decisions strikeouts being february fifteen saw fred saw occupied catholic florida writers batting lady walk looking condition away mvp hills us spending 32 duty age claimed december previous always player natural high optimistic previous sure hoot winter type feel six defeated opened ray until he impressive drafted front citizen earlier loaded,-0.3182,['/Sports/Team Sports/Baseball']
01/07/2010 09:05:44,Cathleen.Samantha.Craig@dtaa.com,Meghan.Phoebe.Macias@dtaa.com,one maclachlan object similar absent 9 ross charge outwardly fishing lymburn an different appeared struck f indisputably economic other choose j compromise might recruited shortly number june way many reduced hargrave midst not desire at 17 you radical empowered since function from way consent their historians accused obtain justice intimidated replied discuss royal pursue parties ernest prohibit instead promised pledge anywhere campaign visited,0.3489,[]
01/06/2010 07:26:54,Frances.Alisa.Wiggins@dtaa.com,Cathleen.Samantha.Craig@dtaa.com,strickland recovery attention bought content automobile under sent desperate liked farm children impressive lineup admitted reliever said died season new international wanted 29 manager international lineup earlier red youngest relief pacific sold lingering jim what sure given marked public winter 1945 block occupied proposing daughter should,0.6808,[]
01/05/2010 08:30:54,Cathleen.Samantha.Craig@dtaa.com,Jerry.Tad.Mccall@dtaa.com,things throwing little get hollis leading told 75 hutchinson than life straight virginia kid no optioned severe 1958 1 home worked 369 and 75 admitted between peel two earlier top october deliver crashed single served seek innings harry success nine start without along split leading tension executive,0.1779,[]
